<w>

	<bg  x="0" y="0" width="45" height="3" complex_mode="1" stretch="1" >
		<text font="letterica16"  r="255" g="255" b="255" a="255" align="l"/>
		<texture>ui_toxic_air_bg</texture>
	</bg>

	<bar x="0" y="0" width="45" height="3" min="0" horz="1" max="1" stretch="1">
		<progress stretch="1">
			<texture>ui_toxic_air_bar</texture>
		</progress>
	</bar>

	<mask  x="50" y="-8" width="12" height="19.5" complex_mode="1" stretch="1" >
		<text font="letterica16"  r="255" g="255" b="255" a="255" align="l"/>
		<texture a="140">ui_toxic_air_mask</texture>
	</mask>

</w>